...1,id,condition,response,response_clean,item,item_clean,SemDis_cbowukwacsubtitle_c_m,SemDis_cbowsubtitle_c_m,SemDis_cbowBNCwikiukwac_c_m,SemDis_TASA_c_m,SemDis_GloVe_c_m,SemDis_MEAN,SemDis_factor
0,1,creative,1 Turn it into a puppet theater by cutting out a window and decorating it with curtains and a stage,turn it into a puppet theater by cutting out a window and decorating it with curtains and a stage,box,box,0.87909,1.10184,0.94356,0.9688,0.77666,0.93399,-0.00632
1,2,creative,2 Use it as a shadow box display to showcase small items or souvenirs,use it as a shadow box display to showcase small items or souvenirs,box,box,1.09867,1.08301,1.08575,0.9688,0.77687,1.00262,-0.00502
2,3,creative,3 Stack boxes to create a makeshift bookshelf or storage unit,stack boxes to create a makeshift bookshelf or storage unit,box,box,0.87165,0.90307,1.04063,0.95998000000000006,0.779,0.91087,-0.00698
3,4,creative,4 Cut the box into shapes and use them as stencils for painting or crafting,cut the box into shapes and use them as stencils for painting or crafting,box,box,1.10889,0.9201,1.05067,0.96881,0.7729,0.96427,-0.00614
4,5,creative,5 Turn it into a makeshift easel by propping it up and securing a piece of paper or canvas to the front,turn it into a makeshift easel by propping it up and securing a piece of paper or canvas to the front,box,box,1.1084100000000001,0.85312,1.04464,0.9688,0.77677,0.95035,-0.00642
5,6,creative,6 Cover the box in fabric or wallpaper to create a decorative storage container,cover the box in fabric or wallpaper to create a decorative storage container,box,box,0.8912599999999999,0.91914,0.93222,0.96818,1.16635,0.97543,0.00386
6,7,creative,7 Use the box as a compost bin for food scraps and organic material,use the box as a compost bin for food scraps and organic material,box,box,0.89175,0.92609,0.97507,0.96869,0.85319,0.92296,-0.00487
7,8,creative,8 Cut a hole in the box and insert a light to create a DIY lampshade,cut a hole in the box and insert a light to create a diy lampshade,box,box,0.88923,0.90787,0.90147,0.9688,0.77716,0.88891,-0.00751
8,9,creative,9 Use the box as a packaging material for gifts or shipments Decorate it with colorful wrapping paper or stickers,use the box as a packaging material for gifts or shipments decorate it with colorful wrapping paper or stickers,box,box,0.8914,1.09783,1.02519,0.96883,0.77685,0.95202,-0.00591
9,10,creative,10 Cut the box into strips and use them as building blocks for a cardboard fort or castle,cut the box into strips and use them as building blocks for a cardboard fort or castle,box,box,1.09764,0.90117,1.08451,0.9688,0.77686,0.9658,-0.006
10,11,creative,1 Turn a cardboard box into a fun playhouse for kids by painting it and adding cutout windows and a door,turn a cardboard box into a fun playhouse for kids by painting it and adding cutout windows and a door,box,box,0.8582799999999999,1.16592,0.94891,0.9688,1.21889,1.03216,0.00666
11,12,creative,2 Use a large box as a makeshift sled by sliding down a hill on it,use a large box as a makeshift sled by sliding down a hill on it,box,box,0.9967,0.88176,0.92135,0.9688,0.77678,0.90908,-0.00722
12,13,creative,3 Create a unique piece of furniture by stacking and securing boxes of different sizes and shapes and adding a cushion on top to make a DIY ottoman,create a unique piece of furniture by stacking and securing boxes of different sizes and shapes and adding a cushion on top to make a diy ottoman,box,box,1.10767,0.90083,0.9454899999999999,0.9688,1.18115,1.02079,0.00496
13,14,creative,4 Cut out the sides and use a box as a frame for a photo or artwork display,cut out the sides and use a box as a frame for a photo or artwork display,box,box,0.90451,0.95772,1.0525,0.9688,0.77644,0.93199,-0.00649
14,15,creative,5 Use a box as a portable pet bed for small dogs or cats when traveling,use a box as a portable pet bed for small dogs or cats when traveling,box,box,0.90908,0.91612,0.98411,0.9688,0.77687,0.911,-0.00701
15,16,creative,6 Cover a box in felt or fabric and filled with different shapes and textures to create a sensory play box for toddlers,cover a box in felt or fabric and filled with different shapes and textures to create a sensory play box for toddlers,box,box,0.87774,1.03937,1.12336,0.9688,0.77422,0.9567,-0.00587
16,17,creative,7 Turn a box into a stylish gift box by wrapping it in decorative paper and adding a ribbon and bow,turn a box into a stylish gift box by wrapping it in decorative paper and adding a ribbon and bow,box,box,0.88966,1.0995,0.95361,0.9688,0.78178,0.93867,-0.0061
17,18,creative,8 Cut up small boxes to make a DIY puzzle for children,cut up small boxes to make a diy puzzle for children,box,box,0.88547,0.90074,0.96368,0.96881,1.22245,0.98823,0.00551
18,19,creative,9 Use a box to start a DIY herb garden by filling it with soil and planting seeds or seedlings,use a box to start a diy herb garden by filling it with soil and planting seeds or seedlings,box,box,1.1428099999999999,1.10312,1.07154,0.9688,1.22303,1.10186,0.00796
19,20,creative,10 Create an obstacle course for kids by using boxes of different sizes and shapes to jump over crawl under or run around,create an obstacle course for kids by using boxes of different sizes and shapes to jump over crawl under or run around,box,box,0.8907700000000001,1.11944,0.97236,0.9688,1.22404,1.03508,0.00678
20,21,creative,1 Turn it into a makeshift cat house or igloo Cut a hole in one side and furnish it with a soft comfortable blanket for your furry pal,turn it into a makeshift cat house or igloo cut a hole in one side and furnish it with a soft comfortable blanket for your furry pal,box,box,0.89154,1.09328,0.90112,0.9688,0.77712,0.92637,-0.00652
21,22,creative,2 Create a sustainable and stylish shelf by stacking several sturdy cardboard boxes together,create a sustainable and stylish shelf by stacking several sturdy cardboard boxes together,box,box,0.94057,1.13608,1.06348,0.97695,1.08723,1.04086,0.00364
22,23,creative,3 Transform it into a personalized gift basket by decorating it with wrapping paper ribbon and a handmade card,transform it into a personalized gift basket by decorating it with wrapping paper ribbon and a handmade card,box,box,0.90152,0.91312,1.02737,0.9688,1.22418,1.007,0.00598
23,24,creative,4 Use it as a DIY photo booth backdrop by painting designing or covering it with wallpaper or fabric that suits your theme,use it as a diy photo booth backdrop by painting designing or covering it with wallpaper or fabric that suits your theme,box,box,0.89087,1.10079,1.07855,0.9688,1.22608,1.05302,0.00725
24,25,creative,5 Make your own athome arcade game by cutting out holes for different targets like in a skeeball machine and assigning varying point values for each,make your own athome arcade game by cutting out holes for different targets like in a skeeball machine and assigning varying point values for each,box,box,1.01799,1.09303,1.05479,0.9688,0.77685,0.98229,-0.00538
25,26,creative,6 Use it as a base for a pinata or for crafts such as making a cardboard robot or castle,use it as a base for a pinata or for crafts such as making a cardboard robot or castle,box,box,0.8908,1.07341,0.94072,0.9688,1.22314,1.01937,0.00636
26,27,creative,7 Tape together several boxes to create a hallway or maze for your kids to crawl through and play games like hide and seek,tape together several boxes to create a hallway or maze for your kids to crawl through and play games like hide and seek,box,box,1.06035,0.92869,0.98075,0.9688,0.77685,0.94309,-0.00647
27,28,creative,8 Create a makeshift greenhouse to start your own vegetable or herb garden using only a transparent plastic sheet and a cardboard box,create a makeshift greenhouse to start your own vegetable or herb garden using only a transparent plastic sheet and a cardboard box,box,box,1.11169,1.11538,0.99302,0.9688,1.22314,1.08241,0.00755
28,29,creative,9 Make custom DIY storage containers for your office closet or craft supplies by cutting and assembling from sturdy cardboard boxes,make custom diy storage containers for your office closet or craft supplies by cutting and assembling from sturdy cardboard boxes,box,box,1.10877,1.11026,1.10522,0.96879,1.22302,1.10321,0.00804
29,30,creative,10 Fashion an ecofriendly and reusable Halloween costume such as a robot transformer or ninja using old boxes and other found materials,fashion an ecofriendly and reusable halloween costume such as a robot transformer or ninja using old boxes and other found materials,box,box,1.11945,1.03183,1.10089,0.96873,0.78111,1.0004,-0.00504
30,31,creative,1 Turn it into a minigarden by lining it with plastic and adding soil and herbs,turn it into a minigarden by lining it with plastic and adding soil and herbs,box,box,0.93648,0.96148,0.95211,0.96879,1.22443,1.00866,0.006
31,32,creative,2 Cut off the flaps and use it as a sled to slide down hills,cut off the flaps and use it as a sled to slide down hills,box,box,0.94285,1.08561,1.04294,0.9688,0.7744800000000001,0.96294,-0.00579
32,33,creative,3 Make a photo booth by covering it with patterned paper and attaching photo props to the sides,make a photo booth by covering it with patterned paper and attaching photo props to the sides,box,box,1.1083,0.88227,0.93872,0.9688,0.75629,0.93088,-0.00736
33,34,creative,4 Create a game of minigolf by cutting holes in the box and using paper cups as targets,create a game of minigolf by cutting holes in the box and using paper cups as targets,box,box,0.89078,0.86561,0.96051,0.9688,1.22373,0.98189,0.00536
34,35,creative,5 Turn it into a pinata by filling it with candy and decorating it with colorful crepe paper,turn it into a pinata by filling it with candy and decorating it with colorful crepe paper,box,box,0.89375,1.05324,1.03369,0.9688,0.7679400000000001,0.94348,-0.00635
35,36,creative,6 Use it as a cozy reading nook by lining it with cushions and adding a lamp inside,use it as a cozy reading nook by lining it with cushions and adding a lamp inside,box,box,0.9678599999999999,0.94479,0.97868,0.9688,1.2349700000000001,1.01902,0.00644
36,37,creative,7 Build a maze by creating various obstacles and tunnels inside the box,build a maze by creating various obstacles and tunnels inside the box,box,box,0.95205,0.867,0.89782,0.96885,1.2287,0.98288,0.00541
37,38,creative,8 Fashion a ramp for toy cars by cutting a slope and attaching a starting line and finish line,fashion a ramp for toy cars by cutting a slope and attaching a starting line and finish line,box,box,1.09579,0.9258500000000001,1.05748,0.96879,1.2325599999999999,1.05609,0.00706
38,39,creative,9 Use it as a projector by cutting a hole in one end and attaching a smartphone or tablet to the other,use it as a projector by cutting a hole in one end and attaching a smartphone or tablet to the other,box,box,1.14833,0.93444,0.93859,0.9688,0.78963,0.95596,-0.00599
39,40,creative,10 Create a shadow puppet theater by cutting shapes out of the box and using a flashlight to cast shadows on the wall,create a shadow puppet theater by cutting shapes out of the box and using a flashlight to cast shadows on the wall,box,box,1.11751,1.01549,1.04943,0.9688,1.22382,1.07501,0.00732
40,41,creative,1 A cat playground  Cut holes in the box and attach string or toys to create a fun play area for cats,a cat playground cut holes in the box and attach string or toys to create a fun play area for cats,box,box,1.10644,0.9281,1.02043,0.9688,0.77685,0.96012,-0.00614
41,42,creative,2 A mini basketball hoop  Cut a hole in the side of the box and attach a mini hoop for a fun indoor game,a mini basketball hoop cut a hole in the side of the box and attach a mini hoop for a fun indoor game,box,box,1.10617,0.86772,0.92409,0.9688,0.7769,0.92874,-0.00692
42,43,creative,3 A cardboard puppet theatre  Use the box as a stage add curtains and create cardboard puppets for a fun puppet show,a cardboard puppet theatre use the box as a stage add curtains and create cardboard puppets for a fun puppet show,box,box,1.05835,1.07086,1.0798,0.9688,0.77685,0.99093,-0.00525
43,44,creative,4 A DIY camera obscura  Cut a small hole in the box and use it to project an image onto a wall or screen for a unique viewing experience,a diy camera obscura cut a small hole in the box and use it to project an image onto a wall or screen for a unique viewing experience,box,box,1.08559,1.10051,1.06181,0.9688,1.22313,1.08797,0.00771
44,45,creative,5 A selfsustaining garden  Turn the box into a mini greenhouse by adding soil and seeds and watch your plants grow,a selfsustaining garden turn the box into a mini greenhouse by adding soil and seeds and watch your plants grow,box,box,0.85734,1.09177,1.0524499999999999,0.9688,0.77683,0.94944,-0.00592
45,46,creative,6 A temporary bed for a pet  Line the box with soft bedding and create a cozy space for your furry friend,a temporary bed for a pet line the box with soft bedding and create a cozy space for your furry friend,box,box,0.89134,1.09722,1.06168,0.9688,1.22867,1.04954,0.00722
46,47,creative,7 A cardboard helmet  Use the box to create a fun and imaginative helmet for a child's dressup play,a cardboard helmet use the box to create a fun and imaginative helmet for a childs dressup play,box,box,0.9387,1.10551,1.0647,0.9688,1.22313,1.06017,0.00728
47,48,creative,8 A pinhole camera  Using a black box add a small hole and create your own camera that takes unique images,a pinhole camera using a black box add a small hole and create your own camera that takes unique images,box,box,1.10066,1.11881,0.86363,0.96879,0.7764,0.96566,-0.0059
48,49,creative,9 A musical instrument  Add strings or rubber bands to create a homemade guitar or make a drum out of the box,a musical instrument add strings or rubber bands to create a homemade guitar or make a drum out of the box,box,box,0.97926,1.10777,0.97917,0.9688,0.77685,0.96237,-0.00579
49,50,creative,10 A makeshift fort  Create a fun and cozy play area inside the box by adding blankets pillows and fairy lights,a makeshift fort create a fun and cozy play area inside the box by adding blankets pillows and fairy lights,box,box,0.88985,1.09923,0.85107,0.9688,0.77685,0.91716,-0.00674
50,51,creative,1 Turn it into a minigarden Cut the top of the box and fill it with soil to grow herbs and small vegetables,turn it into a minigarden cut the top of the box and fill it with soil to grow herbs and small vegetables,box,box,0.87605,0.9282900000000001,0.9448300000000001,0.9688,0.77679,0.89895,-0.00725
51,52,creative,2 Create a cardboard castle Use different sized boxes to create a castle complete with turrets drawbridge and a moat,create a cardboard castle use different sized boxes to create a castle complete with turrets drawbridge and a moat,box,box,0.92093,0.90083,1.05661,0.9688,1.22284,1.014,0.00608
52,53,creative,3 Make a puppet theater Cut out the front of the box and decorate it with curtains and a stage then put on a show using homemade puppets,make a puppet theater cut out the front of the box and decorate it with curtains and a stage then put on a show using homemade puppets,box,box,0.88619,0.93253,1.0616,0.9688,0.77685,0.92519,-0.00663
53,54,creative,4 Use it as a planter Put soil and plants inside the box and use it as a portable garden,use it as a planter put soil and plants inside the box and use it as a portable garden,box,box,0.89627,1.04783,1.12911,0.9688,1.22369,1.05314,0.00715
54,55,creative,5 Create a maze for pets Cut out differentsized holes in the box and hide treats inside to challenge a small pet's intelligence,create a maze for pets cut out differentsized holes in the box and hide treats inside to challenge a small pets intelligence,box,box,1.11562,0.85783,1.06471,0.9688,0.77683,0.95676,-0.00627
55,56,creative,6 Make a DIY pinball machine Cut the top of the box off attach pegs and springs to create an obstacle course and use a marble or ball bearing as the ball,make a diy pinball machine cut the top of the box off attach pegs and springs to create an obstacle course and use a marble or ball bearing as the ball,box,box,1.10843,0.96063,1.0671599999999999,0.9688,0.77684,0.97637,-0.00573
56,57,creative,7 Build a homemade camera obscura Turn a box into a camera obscura to project an image onto a wall,build a homemade camera obscura turn a box into a camera obscura to project an image onto a wall,box,box,0.96584,0.92238,0.98368,0.96881,0.77677,0.9235,-0.0068
57,58,creative,8 Create a storage box Cover the outside of the box with fabric or wallpaper and use it to store miscellaneous items,create a storage box cover the outside of the box with fabric or wallpaper and use it to store miscellaneous items,box,box,0.89047,0.8963099999999999,0.95212,0.9688,0.76951,0.89544,-0.00754
58,59,creative,9 Make a cat bed Cut a hole in the side of the box and add a soft cushion for a cozy cat bed,make a cat bed cut a hole in the side of the box and add a soft cushion for a cozy cat bed,box,box,0.88635,1.10168,1.01139,0.9688,1.22279,1.0382,0.00682
59,60,creative,10 Use it as a fort Cut out windows decorate and use the box as a fort for kids to play in,use it as a fort cut out windows decorate and use the box as a fort for kids to play in,box,box,0.85456,0.87309,0.97082,0.9688,0.77685,0.88882,-0.00748
60,61,creative,1 Turn a cardboard box into a bookshelf by stacking several boxes on top of each other and adding shelves inside,turn a cardboard box into a bookshelf by stacking several boxes on top of each other and adding shelves inside,box,box,0.89222,1.12299,0.85851,0.9688,0.77799,0.9241,-0.00653
61,62,creative,2 Use a box as a planter for a small herb garden or as a base for creating a terrarium,use a box as a planter for a small herb garden or as a base for creating a terrarium,box,box,1.10838,0.98346,0.92642,0.9688,0.77791,0.95299,-0.00625
62,63,creative,3 Cut a box into strips and use them to weave into a funky chair or stool,cut a box into strips and use them to weave into a funky chair or stool,box,box,1.0282,0.90366,1.06211,0.9688,0.7774099999999999,0.94804,-0.00631
63,64,creative,4 Turn a box into a playhouse or fort for kids with some imagination and a few simple modifications,turn a box into a playhouse or fort for kids with some imagination and a few simple modifications,box,box,1.14176,1.07097,1.04991,0.9688,0.77656,1.0016,-0.00513
64,65,creative,5 Create wallmounted storage with boxes by adding brackets and painting them to match your decor,create wallmounted storage with boxes by adding brackets and painting them to match your decor,box,box,1.0168,1.04963,0.89003,0.9684,1.24458,1.03389,0.00701
65,66,creative,6 Use a box as a unique piece of wall art by painting or decorating it in a creative way,use a box as a unique piece of wall art by painting or decorating it in a creative way,box,box,0.95414,0.92942,0.9252400000000001,0.9688,0.77456,0.91043,-0.00714
66,67,creative,7 Create a cat house or scratching post by cutting holes in the box and covering it with carpet or sisal rope,create a cat house or scratching post by cutting holes in the box and covering it with carpet or sisal rope,box,box,1.10876,0.908,1.03391,0.9688,1.2237,1.04863,0.00664
67,68,creative,8 Use boxes to organize craft supplies by labeling each one and stacking them on shelves or in cabinets,use boxes to organize craft supplies by labeling each one and stacking them on shelves or in cabinets,box,box,1.11017,0.96206,0.95404,0.9688,1.23299,1.04561,0.00682
68,69,creative,9 Cut a box into puzzle pieces and use it as a fun DIY activity for kids,cut a box into puzzle pieces and use it as a fun diy activity for kids,box,box,1.10193,1.0194,0.94965,0.9688,0.7772399999999999,0.9634,-0.00599
69,70,creative,10 Turn a box into a homemade pinball machine by adding ramps flippers and obstacles inside,turn a box into a homemade pinball machine by adding ramps flippers and obstacles inside,box,box,0.86343,0.82947,1.06846,0.96502,1.23774,0.99282,0.00595
70,71,creative,1 Turn the box into a playhouse for children Cut out windows and a door decorate it with markers or paint and let them create their own fun space,turn the box into a playhouse for children cut out windows and a door decorate it with markers or paint and let them create their own fun space,box,box,0.9776,0.91893,0.97203,0.9688,0.77686,0.92284,-0.00684
71,72,creative,2 Use it as a planter for flowers or herbs Fill the box with soil plant the seeds and watch them grow,use it as a planter for flowers or herbs fill the box with soil plant the seeds and watch them grow,box,box,1.11029,0.90105,1.07483,0.9688,1.22316,1.05563,0.00679
72,73,creative,3 Create a DIY storage box by covering it with patterned paper or fabric and adding dividers inside to organize items,create a diy storage box by covering it with patterned paper or fabric and adding dividers inside to organize items,box,box,1.10877,1.07625,1.05288,0.9688,0.98865,1.03907,8.9e-4
73,74,creative,4 Make a shadow box and showcase your favorite items such as seashells antique jewelry or a special collection,make a shadow box and showcase your favorite items such as seashells antique jewelry or a special collection,box,box,1.10791,0.88808,1.05095,0.9688,1.22311,1.04777,0.0066
74,75,creative,5 Use a cardboard box as a building block and create a cardboard fort or castle,use a cardboard box as a building block and create a cardboard fort or castle,box,box,0.89329,0.89214,1.129,0.96881,0.77685,0.93202,-0.0065
75,76,creative,6 Paint the box white black or any color and use it as a backdrop for a photo booth,paint the box white black or any color and use it as a backdrop for a photo booth,box,box,0.91254,1.05308,0.93981,0.9688,1.22318,1.01948,0.00632
76,77,creative,7 Cut the box in half tape or glue the bottom halves together to make a standing desk for your laptop,cut the box in half tape or glue the bottom halves together to make a standing desk for your laptop,box,box,1.05163,1.0137,1.01737,0.9688,0.98373,1.00705,6e-5
77,78,creative,8 Use the box as a package for gift wrapping Add ribbon bows or glitter for a fun presentation,use the box as a package for gift wrapping add ribbon bows or glitter for a fun presentation,box,box,0.90145,0.90457,1.06482,0.9688,1.22299,1.01253,0.00608
78,79,creative,9 Make a memory box where you can save special mementos such as ticket stubs photos or letters,make a memory box where you can save special mementos such as ticket stubs photos or letters,box,box,0.89123,1.06706,1.04299,0.96887,1.20878,1.03579,0.0064
79,80,creative,10 Turn the box into a puppet theater Cut out a rectangle for the stage decorate it with curtains and create puppet characters with paper bags or socks,turn the box into a puppet theater cut out a rectangle for the stage decorate it with curtains and create puppet characters with paper bags or socks,box,box,1.10602,1.06745,1.04213,0.9688,1.22315,1.08151,0.00751
80,81,creative,1 Use a box as a plant holder to create a vertical garden,use a box as a plant holder to create a vertical garden,box,box,1.11155,1.0423499999999999,1.00584,0.96852,1.2240199999999999,1.07046,0.00724
81,82,creative,2 Make a cardboard box guitar and have a music session with kids,make a cardboard box guitar and have a music session with kids,box,box,1.05131,0.92214,1.14291,0.9687,1.22322,1.06166,0.00704
82,83,creative,3 Cut a box into pieces and use them as scrapbook decorations gift wrapping or framing artwork,cut a box into pieces and use them as scrapbook decorations gift wrapping or framing artwork,box,box,0.89789,0.89247,1.02725,0.96935,0.76358,0.91011,-0.00735
83,84,creative,4 Create a mini library by decorating a box and converting it into a bookshelf,create a mini library by decorating a box and converting it into a bookshelf,box,box,1.1753,0.90256,0.8904799999999999,0.9688,0.77272,0.94197,-0.00679
84,85,creative,5 Cut the box into various shapes and use it to teach kids math puzzles and geometry,cut the box into various shapes and use it to teach kids math puzzles and geometry,box,box,1.11162,1.09977,0.92625,0.9688,1.22665,1.06662,0.00725
85,86,creative,6 Create a cardboard maze with empty boxes and let kids enjoy the game,create a cardboard maze with empty boxes and let kids enjoy the game,box,box,1.15243,0.88708,0.9529,0.96879,0.77688,0.94762,-0.00653
86,87,creative,7 Use a box as a storage unit place them under the bed or inside a cupboard,use a box as a storage unit place them under the bed or inside a cupboard,box,box,1.1295,0.90651,0.94346,0.9688,0.77744,0.94514,-0.00653
87,88,creative,8 Convert the box into an art project let kids paint and decorate using craft materials,convert the box into an art project let kids paint and decorate using craft materials,box,box,0.90344,1.08952,0.8711599999999999,0.98237,0.77688,0.92467,-0.00648
88,89,creative,9 Cut out shapes and letters from boxes to make signage for a DIY wedding,cut out shapes and letters from boxes to make signage for a diy wedding,box,box,1.11212,1.13229,0.96143,0.9688,1.22389,1.07971,0.00751
89,90,creative,10 Create a cosplay design and use cardboard boxes to develop props and costumes,create a cosplay design and use cardboard boxes to develop props and costumes,box,box,0.9079,0.89776,0.93812,0.96875,1.22248,0.987,0.00544
90,91,creative,1 Turn a shoebox into a mini herb garden by lining it with plastic and filling it with soil and herb seeds,turn a shoebox into a mini herb garden by lining it with plastic and filling it with soil and herb seeds,box,box,1.14182,1.17169,0.95492,0.9688,1.2239,1.09223,0.00779
91,92,creative,2 Use a large box as a makeshift photo booth by painting it and placing props inside for guests to pose with,use a large box as a makeshift photo booth by painting it and placing props inside for guests to pose with,box,box,0.89178,0.98324,1.08622,0.9688,0.77685,0.94138,-0.00622
92,93,creative,3 Create a fun game by cutting holes in a box and playing a beanbag toss game,create a fun game by cutting holes in a box and playing a beanbag toss game,box,box,0.89968,0.94011,1.02506,0.96881,0.77627,0.92199,-0.00674
93,94,creative,4 Turn a cardboard box into a unique piece of wall art by cutting it into geometric shapes and painting it,turn a cardboard box into a unique piece of wall art by cutting it into geometric shapes and painting it,box,box,1.03324,0.86164,1.00563,0.9688,0.84813,0.94349,-0.00476
94,95,creative,5 Cut a box into triangles and use it to create a unique and colorful origami mobile,cut a box into triangles and use it to create a unique and colorful origami mobile,box,box,1.08626,1.09663,1.0557,0.9688,1.22362,1.0862,0.00768
95,96,creative,6 Create a DIY mailbox by covering a small box in decorative paper or fabric and attaching it to a post,create a diy mailbox by covering a small box in decorative paper or fabric and attaching it to a post,box,box,0.89123,1.06145,1.06623,0.9688,0.77384,0.95231,-0.00599
96,97,creative,7 Use a box as a stylish storage solution by covering it in contact paper and adding a fabric lid,use a box as a stylish storage solution by covering it in contact paper and adding a fabric lid,box,box,0.8570599999999999,0.96171,0.95773,0.9688,0.89743,0.92855,-0.00361
97,98,creative,8 Use a box to make a personalized gift by decorating it with paint stickers or washi tape and filling it with thoughtful items,use a box to make a personalized gift by decorating it with paint stickers or washi tape and filling it with thoughtful items,box,box,0.9660299999999999,1.06274,1.05244,0.9688,1.22316,1.05463,0.00708
98,99,creative,9 Cut a box into circles and use it to create a fun and playful garland,cut a box into circles and use it to create a fun and playful garland,box,box,0.90752,0.93505,1.0488,0.9688,1.04815,0.98166,0.00117
99,100,creative,10 Make a cozy and comfortable bed for your pet by filling a box with blankets or pillows,make a cozy and comfortable bed for your pet by filling a box with blankets or pillows,box,box,0.89122,1.0774,1.12897,0.9688,1.2229700000000001,1.05787,0.00728
100,101,creative,1 Turn it into a minigarden by filling it with soil and planting herbs or flowers,turn it into a minigarden by filling it with soil and planting herbs or flowers,box,box,1.15457,0.88491,0.94614,0.9688,1.2233100000000001,1.03555,0.00624
101,102,creative,2 Cut off the top and use it as a makeshift table or desk organizer,cut off the top and use it as a makeshift table or desk organizer,box,box,1.09969,1.04154,1.0903100000000001,0.9688,1.22351,1.08477,0.00759
102,103,creative,3 Cover it in colorful paper and turn it into a gift box for a special occasion,cover it in colorful paper and turn it into a gift box for a special occasion,box,box,1.10253,0.93462,0.92517,0.9688,1.22354,1.03093,0.00624
103,104,creative,4 Use it to make a DIY cat or dog house,use it to make a diy cat or dog house,box,box,1.0677,1.0425,1.00882,0.9689,0.7795799999999999,0.9735,-0.00563
104,105,creative,5 Create a unique piece of wall art by attaching several boxes to each other and painting them in different colors,create a unique piece of wall art by attaching several boxes to each other and painting them in different colors,box,box,0.97539,1.02894,0.97959,0.9688,1.22413,1.03537,0.00661
105,106,creative,6 Cut it up and use it to make custom storage bins or drawer dividers,cut it up and use it to make custom storage bins or drawer dividers,box,box,1.07526,0.98011,0.94753,0.9688,0.77552,0.94944,-0.00635
106,107,creative,7 Attach some strings to the sides and turn it into a pretend race car or spaceship for kids,attach some strings to the sides and turn it into a pretend race car or spaceship for kids,box,box,1.069,0.92941,1.01842,0.9688,1.22388,1.0419,0.00656
107,108,creative,8 Use it as a planter for a mini indoor garden for succulents or small plants,use it as a planter for a mini indoor garden for succulents or small plants,box,box,1.13973,0.96054,1.05168,0.9688,0.77677,0.9795,-0.00571
108,109,creative,9 Paint it and transform it into an affordable storage solution for shoes bags or toys,paint it and transform it into an affordable storage solution for shoes bags or toys,box,box,0.94437,0.99264,0.95839,0.96868,0.76707,0.92623,-0.0069
109,110,creative,10 Cut it up and make a DIY cardboard castle for kids to play in,cut it up and make a diy cardboard castle for kids to play in,box,box,1.12779,1.0516,1.03087,0.9688,0.77668,0.99115,-0.00536
110,111,creative,1 A homemade speaker box for your smartphone,a homemade speaker box for your smartphone,box,box,0.81069,0.87891,1.04394,0.98322,1.10087,0.96353,0.00222
111,112,creative,2 A unique planter for your indoor plants,a unique planter for your indoor plants,box,box,0.93588,1.02181,0.98624,0.96317,1.23024,1.02747,0.00658
112,113,creative,3 A DIY dollhouse made entirely out of cardboard boxes,a diy dollhouse made entirely out of cardboard boxes,box,box,0.93898,0.89901,0.86714,0.96831,0.77268,0.88922,-0.00769
113,114,creative,4 A makeshift pinball machine using marbles and cardboard tubes,a makeshift pinball machine using marbles and cardboard tubes,box,box,1.07576,0.84947,0.89361,0.95444,0.76886,0.90843,-0.00766
114,115,creative,5 A fun and ecofriendly cat scratcher,a fun and ecofriendly cat scratcher,box,box,0.9416599999999999,1.13502,1.02766,0.99024,1.24815,1.0685500000000001,0.00824
115,116,creative,6 A colorful storage unit for your childs toys,a colorful storage unit for your childs toys,box,box,1.00054,1.08177,1.0253,0.98238,0.7634,0.97068,-0.00586
116,117,creative,7 A funky Skeeball game for the backyard,a funky skeeball game for the backyard,box,box,1.09973,0.9352,0.8901,0.96856,1.20266,1.01925,0.00547
117,118,creative,8 A robot costume made out of a cardboard box,a robot costume made out of a cardboard box,box,box,0.89345,0.9335,0.95177,0.96883,0.77988,0.90549,-0.00704
118,119,creative,9 A cardboard castle for your childs imaginative play,a cardboard castle for your childs imaginative play,box,box,1.00701,1.04938,1.05456,0.96168,0.79049,0.97262,-0.00534
119,120,creative,10 A personalized mailbox for love letters from your partner or family,a personalized mailbox for love letters from your partner or family,box,box,0.8926000000000001,1.10803,1.01845,0.96959,0.77839,0.95341,-0.00583
120,121,creative,1 Turn it into a play kitchen for children,turn it into a play kitchen for children,box,box,1.16464,1.13797,0.95212,0.96895,1.2261199999999999,1.08996,0.00773
121,122,creative,2 Cut it up and use it as a puzzle,cut it up and use it as a puzzle,box,box,0.91221,1.06464,1.10978,0.9688,0.75918,0.96292,-0.00612
122,123,creative,3 Use it as a canvas for painting or drawing,use it as a canvas for painting or drawing,box,box,0.88472,0.87338,1.02403,0.96881,0.77003,0.90419,-0.00733
123,124,creative,4 Make it into a pet bed for a small animal,make it into a pet bed for a small animal,box,box,1.1325,0.87713,1.05755,0.96882,1.22599,1.0524,0.00673
124,125,creative,5 Use it as a planter for growing herbs or small plants,use it as a planter for growing herbs or small plants,box,box,0.93118,1.02711,0.93732,0.9688,1.22728,1.01834,0.00634
125,126,creative,6 Build a fort or playhouse with it,build a fort or playhouse with it,box,box,0.94883,0.98842,0.92899,0.96863,1.20477,1.00793,0.00551
126,127,creative,7 Create a makeshift mailbox for letters or notes in your home,create a makeshift mailbox for letters or notes in your home,box,box,1.11257,0.92795,1.06039,0.96877,0.77671,0.96928,-0.00593
127,128,creative,8 Use it as a DIY storage bin for shoes or accessories,use it as a diy storage bin for shoes or accessories,box,box,0.89031,1.09997,0.95795,0.96944,1.21037,1.02561,0.00622
128,129,creative,9 Cut out the sides and use it as a frame for a photo booth at parties,cut out the sides and use it as a frame for a photo booth at parties,box,box,0.8831,0.90588,1.04578,0.9688,1.22336,1.00538,0.00595
129,130,creative,10 Turn it into a DIY pi単ata for birthday parties,turn it into a diy pi単ata for birthday parties,box,box,1.01337,0.84127,1.00409,0.96877,0.7774300000000001,0.92099,-0.00696
130,131,creative,1 A DIY photobooth Cut a hole in the side of the box decorate it and add props for an instant photobooth,a diy photobooth cut a hole in the side of the box decorate it and add props for an instant photobooth,box,box,0.87131,1.07999,0.97521,0.9688,1.22315,1.02369,0.00649
131,132,creative,2 A mail organizer Use a cardboard box to store and sort mail You could even decorate it to make it look more appealing,a mail organizer use a cardboard box to store and sort mail you could even decorate it to make it look more appealing,box,box,0.88762,1.09656,0.96401,0.9688,0.77686,0.93877,-0.00622
132,133,creative,3 A storage bin Store toys clothes or anything you want inside a box,a storage bin store toys clothes or anything you want inside a box,box,box,0.8921,0.89114,0.88128,0.96799,0.77349,0.8812,-0.0078
133,134,creative,4 A desk organizer Create compartments in the box to store pens paper clips and other office supplies,a desk organizer create compartments in the box to store pens paper clips and other office supplies,box,box,1.1077,1.09689,0.94726,0.9688,1.22328,1.06879,0.00722
134,135,creative,5 A cat house Cut out windows and a door to make a cozy home for your furry friend,a cat house cut out windows and a door to make a cozy home for your furry friend,box,box,1.0543,1.00432,0.94255,0.9688,0.7753099999999999,0.94906,-0.00632
135,136,creative,6 A gift wrap station Cut a section off of the side of the box to store wrapping paper tape scissors and other gift wrapping supplies,a gift wrap station cut a section off of the side of the box to store wrapping paper tape scissors and other gift wrapping supplies,box,box,1.02656,1.10574,0.95935,0.9688,0.7766299999999999,0.96742,-0.00575
136,137,creative,7 A bookcase Stack boxes on top of each other to make a custom bookshelf,a bookcase stack boxes on top of each other to make a custom bookshelf,box,box,1.11603,0.90384,1.04838,0.9688,1.22325,1.05206,0.0067
137,138,creative,8 A fairy house Decorate the box with flowers stones and other natural materials to create a magical home for fairies,a fairy house decorate the box with flowers stones and other natural materials to create a magical home for fairies,box,box,1.0905,0.91577,1.04516,0.9688,0.77685,0.95942,-0.00614
138,139,creative,9 A portable garden Cut out sections of the box to create a mini garden that can be easily moved inside or outside,a portable garden cut out sections of the box to create a mini garden that can be easily moved inside or outside,box,box,0.84607,0.9811,1.05034,0.9688,1.22315,1.01389,0.00624
139,140,creative,10 A puppet theater Cut a hole in the top of the box and decorate it to create a fun puppet theater that kids will love,a puppet theater cut a hole in the top of the box and decorate it to create a fun puppet theater that kids will love,box,box,1.1249500000000001,0.93282,1.08698,0.9688,0.77686,0.97808,-0.00573
140,141,creative,1 A makeshift drum set  cover it with different materials to create different sounds,a makeshift drum set cover it with different materials to create different sounds,box,box,0.82741,1.11631,1.04171,0.96883,0.77734,0.94632,-0.00592
141,142,creative,2 A cat house  cut out holes and windows for them to play in,a cat house cut out holes and windows for them to play in,box,box,0.85822,1.06184,1.0227,0.9688,0.77629,0.93757,-0.00623
142,143,creative,3 A space helmet  decorate it with silver foil and stickers and pretend to explore space,a space helmet decorate it with silver foil and stickers and pretend to explore space,box,box,0.97208,0.93919,0.9822,0.96886,0.77686,0.92784,-0.0067
143,144,creative,4 A shadow puppet theater  cut out a screen and use a flashlight to make shadows on it,a shadow puppet theater cut out a screen and use a flashlight to make shadows on it,box,box,0.93918,1.05708,1.03287,0.9688,0.77538,0.95466,-0.00597
144,145,creative,5 A minigarden  fill it with soil seeds and water for a mini herb or vegetable garden,a minigarden fill it with soil seeds and water for a mini herb or vegetable garden,box,box,0.84645,0.95942,1.05082,0.9688,0.77695,0.92049,-0.00667
145,146,creative,6 A time capsule  fill it with objects and memories to bury underground for future generations,a time capsule fill it with objects and memories to bury underground for future generations,box,box,0.86493,0.96902,0.98988,0.9688,0.77685,0.9139,-0.00685
146,147,creative,7 A DIY pi単ata  cover it with colorful crepe paper and fill it with treats,a diy pi単ata cover it with colorful crepe paper and fill it with treats,box,box,0.88861,1.01966,1.03985,0.9688,0.77785,0.93895,-0.00623
147,148,creative,8 A sensory bin  fill it with different textured materials for young children to explore,a sensory bin fill it with different textured materials for young children to explore,box,box,0.98628,0.93743,0.99196,0.96881,0.7780199999999999,0.9325,-0.00658
148,149,creative,9 A photo booth  cut out a hole for a camera lens and use props to take fun photos with friends,a photo booth cut out a hole for a camera lens and use props to take fun photos with friends,box,box,1.10981,0.96134,1.00652,0.9688,1.22338,1.05397,0.00679
149,150,creative,10 A birdhouse  add some perches and a hole for birds to enter and make their nest inside,a birdhouse add some perches and a hole for birds to enter and make their nest inside,box,box,0.89342,0.98273,0.9073,0.9688,0.77646,0.90574,-0.00709
150,151,creative,1 A pretend car or spaceship for kids to play in,a pretend car or spaceship for kids to play in,box,box,1.10474,0.93521,0.9709,0.9688,1.22342,1.04061,0.00647
151,152,creative,2 A DIY shadowbox to display cherished items,a diy shadowbox to display cherished items,box,box,0.98706,1.10589,1.00474,0.97648,0.7821,0.97125,-0.00541
152,153,creative,3 A makeshift stand for a laptop or tablet,a makeshift stand for a laptop or tablet,box,box,0.97288,0.91594,0.95664,0.969,1.2224599999999999,1.00738,0.00584
153,154,creative,4 A planter for small indoor plants,a planter for small indoor plants,box,box,1.07137,1.04349,1.10242,0.97476,0.77109,0.99263,-0.00534
154,155,creative,5 A scavenger hunt item or clue holder,a scavenger hunt item or clue holder,box,box,0.982,0.99553,1.04548,1.00654,0.80894,0.9677,-0.00469
155,156,creative,6 A minimalist bookshelf for small books,a minimalist bookshelf for small books,box,box,0.96631,1.04633,1.0054,1.02351,1.11661,1.03163,0.00437
156,157,creative,7 A storage container for crafting supplies,a storage container for crafting supplies,box,box,1.09506,0.96588,1.04658,0.95106,1.24043,1.0598,0.00724
157,158,creative,8 A resting place for a small pet like a hamster or bird,a resting place for a small pet like a hamster or bird,box,box,1.111,1.1287,0.938,0.96881,0.7767999999999999,0.98466,-0.00545
158,159,creative,9 A giant canvas for painting or drawing,a giant canvas for painting or drawing,box,box,0.90652,0.76277,1.07327,0.97361,0.76761,0.89676,-0.00762
159,160,creative,10 A drum or musical instrument for impromptu jam sessions,a drum or musical instrument for impromptu jam sessions,box,box,0.88325,1.07312,0.95881,0.97021,0.77678,0.93243,-0.00637
160,161,creative,1 A makeshift musical instrument cut and decorate the box to create a guitar ukulele or drum set,a makeshift musical instrument cut and decorate the box to create a guitar ukulele or drum set,box,box,1.06619,0.93292,0.95522,0.96879,0.77685,0.93999,-0.00655
161,162,creative,2 A toy car or train attach wheels to the box and decorate it to look like a car or train,a toy car or train attach wheels to the box and decorate it to look like a car or train,box,box,1.06765,1.07661,0.949,0.9688,1.22315,1.05704,0.00699
162,163,creative,3 A mini greenhouse line the box with plastic and plant small herbs or flowers inside,a mini greenhouse line the box with plastic and plant small herbs or flowers inside,box,box,1.13046,1.04063,1.11467,0.96823,0.77684,1.00617,-0.00502
163,164,creative,4 A DIY photo booth cut out holes for the head and arms and decorate the box as a background for photos,a diy photo booth cut out holes for the head and arms and decorate the box as a background for photos,box,box,1.10558,0.95841,0.97639,0.9688,1.22315,1.04647,0.00661
164,165,creative,5 A pet hideaway cut a hole in the box for a pet to crawl into and decorate it to match the animal's habitat,a pet hideaway cut a hole in the box for a pet to crawl into and decorate it to match the animals habitat,box,box,0.89245,0.88283,1.0630600000000001,0.9688,1.22314,1.00606,0.00593
165,166,creative,6 A bookshelf stack and secure boxes on top of each other to create a unique bookshelf,a bookshelf stack and secure boxes on top of each other to create a unique bookshelf,box,box,1.05604,1.09899,1.04343,0.9688,1.22667,1.07879,0.00762
166,167,creative,7 A cardboard castle cut and attach pieces together to create a fun castle for kids to play in,a cardboard castle cut and attach pieces together to create a fun castle for kids to play in,box,box,1.1001,1.04815,1.05235,0.9688,1.2230699999999999,1.07849,0.00743
167,168,creative,8 A treasure chest decorate the box as a treasure chest for kids to fill with piratethemed toys,a treasure chest decorate the box as a treasure chest for kids to fill with piratethemed toys,box,box,1.10928,0.92079,1.05802,0.9688,1.22315,1.05601,0.00681
168,169,creative,9 A storage container line boxes with newspaper and use them to store seasonal decor or clothes,a storage container line boxes with newspaper and use them to store seasonal decor or clothes,box,box,1.1128,1.09479,1.05287,0.96878,1.23602,1.09305,0.0081
169,170,creative,10 A Halloween costume cut and decorate the box to create a unique costume such as a robot or a vending machine,a halloween costume cut and decorate the box to create a unique costume such as a robot or a vending machine,box,box,0.95103,0.96723,1.01427,0.9688,0.77685,0.93564,-0.00646
170,171,creative,1 Turn it into a miniature playhouse for kids by cutting out windows and a door and decorating it with paint or markers,turn it into a miniature playhouse for kids by cutting out windows and a door and decorating it with paint or markers,box,box,1.13948,0.91981,1.05176,0.9688,0.7751,0.97099,-0.00597
171,172,creative,2 Use it to create a vertical garden by attaching several boxes to a wall and planting herbs or flowers in them,use it to create a vertical garden by attaching several boxes to a wall and planting herbs or flowers in them,box,box,0.92308,0.9891,0.96776,0.9688,0.77685,0.92512,-0.00666
172,173,creative,3 Cut holes in the side and turn it into a fun obstacle course for pets to play in,cut holes in the side and turn it into a fun obstacle course for pets to play in,box,box,1.07491,0.97734,0.9401,0.9688,1.22348,1.03693,0.00645
173,174,creative,4 Use it as a makeshift desk organizer by cutting it down to size and using it to store pens paper clips and other office supplies,use it as a makeshift desk organizer by cutting it down to size and using it to store pens paper clips and other office supplies,box,box,0.90607,1.07628,1.02639,0.9688,0.77684,0.95088,-0.00597
174,175,creative,5 Use it as a spacesaving cat litter box enclosure by cutting a hole in one side and placing the litter box inside,use it as a spacesaving cat litter box enclosure by cutting a hole in one side and placing the litter box inside,box,box,1.12753,0.93075,0.90219,0.9688,0.77683,0.94122,-0.00662
175,176,creative,6 Create a DIY birdhouse by cutting a hole in the side and decorating it with paint or markers,create a diy birdhouse by cutting a hole in the side and decorating it with paint or markers,box,box,1.11089,1.0141,1.04596,0.9688,1.22014,1.07198,0.00717
176,177,creative,7 Use it to make a DIY shadow puppet theater by cutting a slit in the top and projecting a light source onto it,use it to make a diy shadow puppet theater by cutting a slit in the top and projecting a light source onto it,box,box,0.92774,0.9257299999999999,1.00846,0.9688,1.22316,1.01078,0.00601
177,178,creative,8 Use it to store winter clothing or linens in the attic or garage by labeling each box with its contents,use it to store winter clothing or linens in the attic or garage by labeling each box with its contents,box,box,1.06045,0.9092,1.06614,0.9688,0.7771399999999999,0.95635,-0.00616
178,179,creative,9 Turn it into a makeshift TV stand by cutting down to size and placing your television on top,turn it into a makeshift tv stand by cutting down to size and placing your television on top,box,box,1.10863,1.0623,0.91693,0.9688,1.22289,1.05591,0.00688
179,180,creative,10 Use it to create a spooky Halloween decoration by painting it black and adding cutouts of bats spiders and other creepy crawlies,use it to create a spooky halloween decoration by painting it black and adding cutouts of bats spiders and other creepy crawlies,box,box,0.94254,1.08801,1.05688,0.9688,1.22315,1.05588,0.00716
180,181,creative,1 Turn the box into a personal time capsule by filling it with special memories and mementos from your life,turn the box into a personal time capsule by filling it with special memories and mementos from your life,box,box,1.09154,0.93929,1.12142,0.9688,0.77891,0.97999,-0.00558
181,182,creative,2 Use the box as a makeshift storage container to organize small items such as craft supplies or office accessories,use the box as a makeshift storage container to organize small items such as craft supplies or office accessories,box,box,0.89122,0.96814,0.94912,0.96952,0.77691,0.91098,-0.00695
182,183,creative,3 Cut off the top and bottom of the box then wrap it in fun patterns and use it as a DIY gift box,cut off the top and bottom of the box then wrap it in fun patterns and use it as a diy gift box,box,box,0.88642,0.91425,0.9888,0.9688,1.22281,0.99622,0.00571
183,184,creative,4 Create a miniature garden by filling the box with soil and planting flowers or herbs,create a miniature garden by filling the box with soil and planting flowers or herbs,box,box,1.13112,1.11018,1.01006,0.96848,0.77685,0.99934,-0.00514
184,185,creative,5 Cut a hole in the front of the box and use it as a puppet theater by placing small stuffed animals or puppets inside,cut a hole in the front of the box and use it as a puppet theater by placing small stuffed animals or puppets inside,box,box,1.1103399999999999,0.91895,1.08335,0.9688,1.22315,1.06092,0.00693
185,186,creative,6 Create a DIY pinball machine by suspending a marble inside the box and attaching flippers and scoring mechanisms,create a diy pinball machine by suspending a marble inside the box and attaching flippers and scoring mechanisms,box,box,1.02809,1.05077,1.04901,0.96865,1.2273,1.06476,0.00732
186,187,creative,7 Use multiple boxes to create a DIY obstacle course or maze for children or small pets to navigate,use multiple boxes to create a diy obstacle course or maze for children or small pets to navigate,box,box,0.90093,1.04207,1.06205,0.9688,0.77692,0.95015,-0.00599
187,188,creative,8 Fill the box with small toys or trinkets and use it as a prize box for games or activities,fill the box with small toys or trinkets and use it as a prize box for games or activities,box,box,0.88929,1.06699,0.96682,0.9688,0.77687,0.93375,-0.00636
188,189,creative,9 Use the box as a makeshift guitar by attaching rubber bands or strings across the opening and strumming them,use the box as a makeshift guitar by attaching rubber bands or strings across the opening and strumming them,box,box,0.92781,1.03285,1.04494,0.9688,1.22315,1.03951,0.00676
189,190,creative,10 Paint the box and transform it into a unique piece of room decor or statement piece,paint the box and transform it into a unique piece of room decor or statement piece,box,box,1.11741,1.09532,1.08498,0.9688,1.24064,1.10143,0.0084
190,191,creative,1 A makeshift children's playhouse,a makeshift childrens playhouse,box,box,1.0742099999999999,0.873,1.00881,1.02834,0.98824,0.99452,1.8e-4
191,192,creative,2 A storage container turned into a DIY pet bed,a storage container turned into a diy pet bed,box,box,0.87009,0.97939,0.9140699999999999,1.01116,1.21861,0.99866,0.00604
192,193,creative,3 A unique and ecofriendly gift wrapping alternative,a unique and ecofriendly gift wrapping alternative,box,box,1.10465,0.9096,0.88224,0.9714700000000001,1.24631,1.02285,0.00659
193,194,creative,4 A DIY cardboard furniture piece,a diy cardboard furniture piece,box,box,0.75246,1.00571,1.00638,0.97112,1.25,0.99713,0.00666
194,195,creative,5 An artistic canvas for individual expression,an artistic canvas for individual expression,box,box,1.0538,1.00742,1.08068,0.97033,1.24442,1.07133,0.00783
195,196,creative,6 A selfcontained herb or vegetable garden,a selfcontained herb or vegetable garden,box,box,0.81802,0.92199,0.9457,0.99325,0.77646,0.89108,-0.00718
196,197,creative,7 A handmade treasure chest for keepsakes,a handmade treasure chest for keepsakes,box,box,1.13669,0.9675,1.01942,0.96521,0.74255,0.96627,-0.00686
197,198,creative,8 A smart storage option for shoes or accessories,a smart storage option for shoes or accessories,box,box,0.90411,1.05006,1.04066,0.95504,1.23956,1.03789,0.00706
198,199,creative,9 A simple and effective way to organize mail or paperwork,a simple and effective way to organize mail or paperwork,box,box,1.03634,0.93701,0.88514,0.96895,1.22789,1.01107,0.00597
199,200,creative,10 A fun and whimsical backdrop for a photo booth,a fun and whimsical backdrop for a photo booth,box,box,1.05739,0.95741,0.99187,0.96893,1.22362,1.03984,0.00654
200,201,creative,1 Turn it into a mini herb garden by cutting out sections and planting herbs,turn it into a mini herb garden by cutting out sections and planting herbs,box,box,1.14189,0.8466899999999999,1.11712,0.96884,1.223,1.05951,0.0068
201,202,creative,2 Create a kid's sensory play box by filling it with different textures colors and toys,create a kids sensory play box by filling it with different textures colors and toys,box,box,0.96546,1.05315,0.97277,0.96873,1.22154,1.03633,0.0066
202,203,creative,3 Make a DIY cat condo by stacking boxes and cutting out holes for the cats to climb and play,make a diy cat condo by stacking boxes and cutting out holes for the cats to climb and play,box,box,0.88982000000000006,1.07592,0.99101,0.9688,1.2229700000000001,1.0297,0.0066
203,204,creative,4 Transform it into a retrostyle TV and use it to hold a tablet or phone for watching movies,transform it into a retrostyle tv and use it to hold a tablet or phone for watching movies,box,box,0.95606,0.93266,0.99712,0.9688,0.77657,0.92624,-0.00672
204,205,creative,5 Use it as a base for a DIY lightbox for photography or artwork,use it as a base for a diy lightbox for photography or artwork,box,box,1.09815,1.09464,0.87496,0.96879,1.24447,1.0562,0.0074400000000000004
205,206,creative,6 Cut it into shapes and create custom storage pieces for jewelry or craft supplies,cut it into shapes and create custom storage pieces for jewelry or craft supplies,box,box,0.89635,0.95864,1.05044,0.9688,1.24174,1.02319,0.00682
206,207,creative,7 Tape together multiple boxes to make a lifesize fort or castle for kids to play in,tape together multiple boxes to make a lifesize fort or castle for kids to play in,box,box,1.12729,1.0895299999999999,0.92784,0.9688,0.77685,0.97806,-0.00565
207,208,creative,8 Convert it into a mini arcade cabinet using a Raspberry Pi and retro game emulators,convert it into a mini arcade cabinet using a raspberry pi and retro game emulators,box,box,1.03327,1.11296,0.97839,0.96933,1.22242,1.06327,0.0072
208,209,creative,9 Use it as a makeshift drum set for kids by adding different objects for unique sounds,use it as a makeshift drum set for kids by adding different objects for unique sounds,box,box,0.90365,0.88297,0.9493199999999999,0.96881,1.22309,0.98557,0.00542
209,210,creative,10 Turn it into a shipping container home and use it for offgrid living or tiny house living,turn it into a shipping container home and use it for offgrid living or tiny house living,box,box,1.10598,0.88489,1.05073,0.9688,1.22431,1.04694,0.00661
210,211,creative,1 Turn it into a DIY pinball machine by adding obstacles and a launch mechanism,turn it into a diy pinball machine by adding obstacles and a launch mechanism,box,box,1.05255,0.94833,0.90933,0.96868,0.7661,0.929,-0.00704
211,212,creative,2 Use it as a makeshift drum set by punching holes in the sides and wrapping it with duct tape,use it as a makeshift drum set by punching holes in the sides and wrapping it with duct tape,box,box,0.91268,0.88569,1.05489,0.96881,0.77723,0.91986,-0.00682
212,213,creative,3 Create a cardboard castle with cutout windows and a drawbridge,create a cardboard castle with cutout windows and a drawbridge,box,box,1.11946,0.92462,1.11756,0.9684200000000001,1.22005,1.07002,0.00706
213,214,creative,4 Use it as a giant bookshelf by stacking boxes and adding dividers,use it as a giant bookshelf by stacking boxes and adding dividers,box,box,0.89896,0.90705,0.91394,0.96884,1.24368,0.98649,0.00596
214,215,creative,5 Make a cardboard maze for a pet by cutting holes and tunnels inside,make a cardboard maze for a pet by cutting holes and tunnels inside,box,box,0.89496,0.8566,0.99803,0.96881,0.77876,0.89943,-0.00726
215,216,creative,6 Create a cardboard arcade with multiple games like skeeball and whackamole,create a cardboard arcade with multiple games like skeeball and whackamole,box,box,0.94188,1.12557,1.03635,0.9684200000000001,0.77689,0.96982,-0.00554
216,217,creative,7 Use it as a planter box by lining it with plastic and adding soil and plants,use it as a planter box by lining it with plastic and adding soil and plants,box,box,0.90666,1.03659,0.94718,0.96882,0.76767,0.92538,-0.00682
217,218,creative,8 Turn it into a puppet theater by cutting out a stage and adding curtains,turn it into a puppet theater by cutting out a stage and adding curtains,box,box,0.99235,1.07916,1.02031,0.9688,1.2239,1.0569,0.00712
218,219,creative,9 Create a cardboard car or spaceship for kids to play in,create a cardboard car or spaceship for kids to play in,box,box,1.10398,1.07959,0.99683,0.96881,0.7773,0.9853,-0.00544
219,220,creative,10 Make a cardboard windmill or solar panel to teach kids about renewable energy,make a cardboard windmill or solar panel to teach kids about renewable energy,box,box,0.88759,0.88827,0.95408,0.9633,0.77644,0.89394,-0.00745
220,221,creative,1 Use it as a makeshift stage for a puppet show,use it as a makeshift stage for a puppet show,box,box,0.95812,0.93635,0.97966,0.9688,1.22285,1.01316,0.00602
221,222,creative,2 Cut out holes and make a DIY cardboard maze,cut out holes and make a diy cardboard maze,box,box,0.89299,0.88272,1.05764,0.97039,1.22505,1.00576,0.00598
222,223,creative,3 Paint it and use it as a unique storage container,paint it and use it as a unique storage container,box,box,0.94985,1.00567,1.0517,0.96881,1.24298,1.0438,0.00729
223,224,creative,4 Use it as a pretend spaceship for imaginative play,use it as a pretend spaceship for imaginative play,box,box,1.00248,0.94018,0.9615,0.96879,0.77176,0.92894,-0.00684
224,225,creative,5 Create a shadow puppet theater by shining a light through the box,create a shadow puppet theater by shining a light through the box,box,box,0.99232,0.992,0.92259,0.96898,1.22535,1.02025,0.00623
225,226,creative,6 Make a cat or dog house for your pet to play in,make a cat or dog house for your pet to play in,box,box,1.1304400000000001,0.96883,1.05789,0.96883,1.22388,1.06997,0.00716
226,227,creative,7 Use multiple boxes to make a tower and play Jenga,use multiple boxes to make a tower and play jenga,box,box,1.11342,1.07262,1.05384,0.96908,0.77293,0.99638,-0.00529
227,228,creative,8 Create a giant cardboard domino set,create a giant cardboard domino set,box,box,0.93701,0.90355,1.01019,0.99585,1.24799,1.01892,0.00697
228,229,creative,9 Use it as a building block to make a cardboard fort,use it as a building block to make a cardboard fort,box,box,1.1195599999999999,1.00798,0.96277,0.9688,0.77692,0.96721,-0.00594
229,230,creative,10 Create a DIY pinball machine with marbles and a cardboard box,create a diy pinball machine with marbles and a cardboard box,box,box,1.01342,0.98133,0.92866,0.96935,1.23148,1.02485,0.00645
230,231,creative,1 Turn it into a mini indoor garden by lining the bottom with soil and planting small plants,turn it into a mini indoor garden by lining the bottom with soil and planting small plants,box,box,1.14136,0.88439,1.04066,0.9688,0.77684,0.96241,-0.00616
231,232,creative,2 Create a sensory play box for kids with various textures and materials inside the box,create a sensory play box for kids with various textures and materials inside the box,box,box,1.10846,1.05931,0.87827,0.96871,1.22241,1.04743,0.00667
232,233,creative,3 Use it as a makeshift puppet theater,use it as a makeshift puppet theater,box,box,0.85686,0.92468,1.00963,0.96833,0.77725,0.90735,-0.00701
233,234,creative,4 Turn it into a DIY cardboard playhouse for children,turn it into a diy cardboard playhouse for children,box,box,0.83885,0.87357,0.95712,0.96843,0.75885,0.87936,-0.00812
234,235,creative,5 Cut out shapes and letters to make stencils for art projects,cut out shapes and letters to make stencils for art projects,box,box,0.901,0.95635,0.97058,0.96838,1.23716,1.00669,0.00631
235,236,creative,6 Use it as a catchall for small items like keys mail or phone chargers,use it as a catchall for small items like keys mail or phone chargers,box,box,0.87623,1.05568,0.97118,0.96892,1.24278,1.02296,0.00693
236,237,creative,7 Create a makeshift pet bed by lining the bottom with a pillow and blanket,create a makeshift pet bed by lining the bottom with a pillow and blanket,box,box,0.8976999999999999,0.90569,1.05999,0.96876,1.22396,1.01122,0.00608
237,238,creative,8 Paint it and use it as a decorative storage solution,paint it and use it as a decorative storage solution,box,box,0.92562,0.96648,1.04889,0.96884,1.2376800000000001,1.0295,0.00683
238,239,creative,9 Use it to create a treasure hunt by hiding clues or items inside,use it to create a treasure hunt by hiding clues or items inside,box,box,1.12649,0.99282,1.03268,0.96874,0.77612,0.97937,-0.00569
239,240,creative,10 Turn it into a DIY pinhole viewer for viewing a solar eclipse or other astronomical events,turn it into a diy pinhole viewer for viewing a solar eclipse or other astronomical events,box,box,1.09049,1.02355,0.99881,0.9688,1.22305,1.06094,0.00701
240,241,creative,1 A miniature garden Cut a box in half and use the bottom half as a planter Fill it with soil and small plants such as succulents or herbs,a miniature garden cut a box in half and use the bottom half as a planter fill it with soil and small plants such as succulents or herbs,box,box,1.10876,1.00302,0.94707,0.9688,1.22315,1.05016,0.00672
241,242,creative,2 A puppet theater Cut out a panel in the front of the box and decorate it like a stage Use puppets made out of socks or paper bags to put on a show,a puppet theater cut out a panel in the front of the box and decorate it like a stage use puppets made out of socks or paper bags to put on a show,box,box,0.89081,0.93291,0.94397,0.9688,0.77685,0.90267,-0.00718
242,243,creative,3 A shadow box Put a light source behind the box and cut out shapes or designs on the sides Watch as the shadows dance and move,a shadow box put a light source behind the box and cut out shapes or designs on the sides watch as the shadows dance and move,box,box,0.89226,0.96466,1.06892,0.9688,1.22313,1.02355,0.00639
243,244,creative,4 A treasure chest Add some flair to a plain box by painting it and decorating it with jewels beads and other decorations Use it to store small trinkets and treasures,a treasure chest add some flair to a plain box by painting it and decorating it with jewels beads and other decorations use it to store small trinkets and treasures,box,box,1.10778,1.10903,0.95231,0.9688,0.77685,0.98295,-0.00549
244,245,creative,5 A phone charger station Cut out slots in the box to hold phones and cords Paint and decorate the box to match your decor,a phone charger station cut out slots in the box to hold phones and cords paint and decorate the box to match your decor,box,box,1.10683,1.06391,0.93714,0.9688,0.77685,0.97071,-0.00581
245,246,creative,6 A DIY birdhouse Cut a hole in one side of the box and add a perch Add a roof and some decoration then hang it up outside to attract songbirds,a diy birdhouse cut a hole in one side of the box and add a perch add a roof and some decoration then hang it up outside to attract songbirds,box,box,1.06476,0.925,1.01682,0.9688,1.22275,1.03963,0.00648
246,247,creative,7 A minigolf course Cut out holes in the box and use small objects as obstacles Use a ping pong ball as a golf ball and create a fun game for all ages,a minigolf course cut out holes in the box and use small objects as obstacles use a ping pong ball as a golf ball and create a fun game for all ages,box,box,0.89123,0.90406,1.06159,0.9688,0.77476,0.92009,-0.00683
247,248,creative,8 A kitchen organizer Cut the box to fit inside a kitchen drawer and use it to organize utensils spices or other small items,a kitchen organizer cut the box to fit inside a kitchen drawer and use it to organize utensils spices or other small items,box,box,0.89118,0.9488,1.01514,0.9688,0.77689,0.92016,-0.00675
248,249,creative,9 A bug hotel Fill a box with small sticks leaves and other natural materials to create a home for insects Observe the bugs that move in over time,a bug hotel fill a box with small sticks leaves and other natural materials to create a home for insects observe the bugs that move in over time,box,box,0.89123,1.05613,0.96278,0.9688,1.22315,1.02042,0.00637
249,250,creative,10 A DIY pinball machine Cut out a hole on one side of the box and use rubber bands and small objects to create a pinball machine Add decorations and enjoy a fun game for family and friends,a diy pinball machine cut out a hole on one side of the box and use rubber bands and small objects to create a pinball machine add decorations and enjoy a fun game for family and friends,box,box,0.95156,0.89675,0.95947,0.9688,1.22315,0.99995,0.0057
